{
  "champion": "v8+v9+v9_recent+weekly_tau0.55_ch08_chABC05_brand03",
  "OOF_SIMSCORE": 0.398,
  "OOF_recency": 0.4239,
  "OOF_folds": [
    0.3112,
    0.3988,
    0.484
  ],
  "in_sample_SIMSCORE": 0.3642,
  "overfit_gap": 0.0338,
  "val_score": {
    "n_rows": 31368,
    "WAPE": 0.3458,
    "MAE": 1.636,
    "RMSE": 3.7192,
    "Bias_units": -0.0249,
    "Agg_Bias_pct": -0.526,
    "SMAPE_nz": 0.4511,
    "Monthly_WAPE": 0.0315,
    "SIMSCORE": 0.3642
  },
  "test_score": {
    "n_rows": 18298,
    "WAPE": 0.415,
    "MAE": 2.0443,
    "RMSE": 4.8806,
    "Bias_units": 0.0121,
    "Agg_Bias_pct": 0.246,
    "SMAPE_nz": 0.5334,
    "Monthly_WAPE": 0.079,
    "SIMSCORE": 0.4557
  },
  "meta": {
    "base": {
      "_global": {
        "v4": 0.0,
        "v5": 0.0043688561048435956,
        "v6": 0.0,
        "v7": 0.0,
        "v71": 0.0,
        "v72_champion": 0.0,
        "v77_recent": 0.0,
        "v77_quantile60": 0.0,
        "v8": 0.0,
        "v8_recent": 0.0,
        "v9": 0.6263972458497952,
        "v9_recent": 0.35326865829693854,
        "v9_weekly": 0.0159652397484227
      },
      "tau": 0.55,
      "ИМ": {
        "v4": 0.0,
        "v5": 0.0,
        "v6": 0.0,
        "v7": 0.0,
        "v71": 0.010993175988805552,
        "v72_champion": 0.0,
        "v77_recent": 0.0,
        "v77_quantile60": 0.0,
        "v8": 0.0,
        "v8_recent": 0.0,
        "v9": 0.710525513685629,
        "v9_recent": 0.22258759030307645,
        "v9_weekly": 0.055893720022488866
      },
      "СК": {
        "v4": 0.0,
        "v5": 0.019135756081455256,
        "v6": 0.0,
        "v7": 0.0,
        "v71": 0.0,
        "v72_champion": 0.0,
        "v77_recent": 0.0,
        "v77_quantile60": 0.0,
        "v8": 0.0,
        "v8_recent": 0.0,
        "v9": 0.7071709083908834,
        "v9_recent": 0.26447155101250724,
        "v9_weekly": 0.009221784515153993
      },
      "НКП": {
        "v4": 0.0,
        "v5": 0.0,
        "v6": 0.0,
        "v7": 0.0,
        "v71": 0.0,
        "v72_champion": 0.0,
        "v77_recent": 0.0,
        "v77_quantile60": 0.0,
        "v8": 0.0,
        "v8_recent": 0.0,
        "v9": 0.38204123408366086,
        "v9_recent": 0.5883884917359777,
        "v9_weekly": 0.029570274180361435
      },
      "РС": {
        "v4": 0.0,
        "v5": 0.0,
        "v6": 0.0,
        "v7": 0.0,
        "v71": 0.0,
        "v72_champion": 0.0,
        "v77_recent": 0.0,
        "v77_quantile60": 0.0,
        "v8": 0.0,
        "v8_recent": 0.0,
        "v9": 0.32981939258516996,
        "v9_recent": 0.654258085106669,
        "v9_weekly": 0.015922522308161043
      }
    },
    "axes": "[(['Канал'], 0.8), (['Канал', 'Сегмент_ABC'], 0.5), (['Бренд'], 0.3)]",
    "tau": 0.55,
    "pool": [
      "v4",
      "v5",
      "v6",
      "v7",
      "v71",
      "v72_champion",
      "v77_recent",
      "v77_quantile60",
      "v8",
      "v8_recent",
      "v9",
      "v9_recent",
      "v9_weekly"
    ]
  }
}