{
  "champion": "v9+v10+v10_recent_tau0.55_ch08_chABC05_brand03",
  "OOF_SIMSCORE": 0.388,
  "OOF_recency": 0.413,
  "OOF_folds": [
    0.3053,
    0.3875,
    0.4713
  ],
  "in_sample_SIMSCORE": 0.3528,
  "overfit_gap": 0.0352,
  "val_score": {
    "n_rows": 31368,
    "WAPE": 0.3329,
    "MAE": 1.575,
    "RMSE": 3.6693,
    "Bias_units": -0.0269,
    "Agg_Bias_pct": -0.569,
    "SMAPE_nz": 0.418,
    "Monthly_WAPE": 0.0341,
    "SIMSCORE": 0.3528
  },
  "test_score": {
    "n_rows": 18298,
    "WAPE": 0.4013,
    "MAE": 1.9768,
    "RMSE": 4.8129,
    "Bias_units": 0.2506,
    "Agg_Bias_pct": 5.088,
    "SMAPE_nz": 0.4955,
    "Monthly_WAPE": 0.0845,
    "SIMSCORE": 0.469
  },
  "meta": {
    "base": {
      "_global": {
        "v4": 0.0,
        "v5": 0.0,
        "v6": 0.0,
        "v7": 0.0,
        "v71": 0.0,
        "v72_champion": 0.0,
        "v77_recent": 0.0,
        "v77_quantile60": 0.0,
        "v8": 0.0,
        "v8_recent": 0.0,
        "v9": 0.08407946300501869,
        "v9_recent": 0.0,
        "v9_weekly": 0.006882433276442525,
        "v10": 0.5561712420050485,
        "v10_recent": 0.3528668617134902
      },
      "tau": 0.55,
      "ИМ": {
        "v4": 0.0,
        "v5": 0.0,
        "v6": 0.0,
        "v7": 0.0,
        "v71": 0.0,
        "v72_champion": 0.0,
        "v77_recent": 0.0,
        "v77_quantile60": 0.0,
        "v8": 0.0,
        "v8_recent": 0.0,
        "v9": 0.0,
        "v9_recent": 0.0,
        "v9_weekly": 0.038342624914415736,
        "v10": 0.26473640915604124,
        "v10_recent": 0.6969209659295431
      },
      "СК": {
        "v4": 0.0,
        "v5": 0.0,
        "v6": 0.0,
        "v7": 0.0,
        "v71": 0.0,
        "v72_champion": 0.0,
        "v77_recent": 0.0,
        "v77_quantile60": 0.0,
        "v8": 0.0,
        "v8_recent": 0.0,
        "v9": 0.141249318842934,
        "v9_recent": 0.0,
        "v9_weekly": 0.00400882364500926,
        "v10": 0.5273612540853694,
        "v10_recent": 0.32738060342668734
      },
      "НКП": {
        "v4": 0.0,
        "v5": 0.0,
        "v6": 0.0,
        "v7": 0.0,
        "v71": 0.0,
        "v72_champion": 0.0,
        "v77_recent": 0.0,
        "v77_quantile60": 0.0,
        "v8": 0.0,
        "v8_recent": 0.0,
        "v9": 0.0003247872627382996,
        "v9_recent": 0.18081412978259392,
        "v9_weekly": 0.0141567392633057,
        "v10": 0.5304039212635742,
        "v10_recent": 0.274300422427788
      },
      "РС": {
        "v4": 0.0,
        "v5": 0.0,
        "v6": 0.0,
        "v7": 0.0,
        "v71": 0.0,
        "v72_champion": 0.0,
        "v77_recent": 0.0,
        "v77_quantile60": 0.0,
        "v8": 0.0,
        "v8_recent": 0.0,
        "v9": 0.0,
        "v9_recent": 0.13052178388889135,
        "v9_weekly": 0.0,
        "v10": 0.6826861884445723,
        "v10_recent": 0.18679202766653646
      }
    },
    "axes": "[(['Канал'], 0.8), (['Канал', 'Сегмент_ABC'], 0.5), (['Бренд'], 0.3)]",
    "tau": 0.55,
    "pool": [
      "v4",
      "v5",
      "v6",
      "v7",
      "v71",
      "v72_champion",
      "v77_recent",
      "v77_quantile60",
      "v8",
      "v8_recent",
      "v9",
      "v9_recent",
      "v9_weekly",
      "v10",
      "v10_recent"
    ]
  }
}