{
  "champion": "trio+v9_tau0.5_ch08",
  "OOF_SIMSCORE": 0.3855,
  "OOF_recency": 0.4103,
  "in_sample_SIMSCORE": 0.3512,
  "overfit_gap": 0.0343,
  "val_score": {
    "n_rows": 31368,
    "WAPE": 0.3336,
    "MAE": 1.5784,
    "RMSE": 3.6684,
    "Bias_units": -0.0056,
    "Agg_Bias_pct": -0.119,
    "SMAPE_nz": 0.4181,
    "Monthly_WAPE": 0.0339,
    "SIMSCORE": 0.3512
  },
  "test_score": {
    "n_rows": 18298,
    "WAPE": 0.4023,
    "MAE": 1.9818,
    "RMSE": 4.8115,
    "Bias_units": 0.272,
    "Agg_Bias_pct": 5.522,
    "SMAPE_nz": 0.4956,
    "Monthly_WAPE": 0.0877,
    "SIMSCORE": 0.4738
  },
  "meta": {
    "base": {
      "_global": {
        "v8_lad": 0.0,
        "v9_lad": 0.0,
        "v10_lad": 0.9655466425581558,
        "v9": 0.03445335744184419
      },
      "tau": 0.5,
      "ИМ": {
        "v8_lad": 0.0,
        "v9_lad": 0.0,
        "v10_lad": 1.0,
        "v9": 0.0
      },
      "СК": {
        "v8_lad": 0.0,
        "v9_lad": 0.0,
        "v10_lad": 1.0,
        "v9": 0.0
      },
      "НКП": {
        "v8_lad": 0.0,
        "v9_lad": 0.0,
        "v10_lad": 0.9740413513705181,
        "v9": 0.025958648629481985
      },
      "РС": {
        "v8_lad": 0.0,
        "v9_lad": 0.0,
        "v10_lad": 0.9961937051924378,
        "v9": 0.0038062948075622376
      }
    },
    "axes": "[(['Канал'], 0.8)]",
    "tau": 0.5,
    "pool": [
      "v8_lad",
      "v9_lad",
      "v10_lad",
      "v9"
    ]
  }
}