Период,ai_holding,ai_lost,ai_total,baseline_total,uah_freed
2025-07,6823.149743431426,58180.810616686154,65003.960360117584,76447.94794875963,11443.987588642041
2025-08,7847.514155140186,30585.820131107434,38433.33428624762,77349.56024554394,38916.22595929632
2025-09,9441.943346138585,38306.83752824524,47748.780874383825,74938.98365894158,27190.202784557754
2025-10,6511.100361606456,68746.58510763293,75257.68546923938,94225.39035225283,18967.704883013444
2025-11,5267.045815794765,105765.83583246545,111032.88164826023,115134.62615383878,4101.74450557855
2025-12,15792.491244263601,203603.9388425701,219396.4300868337,225167.182968137,5770.752881303313
2026-01,20153.668133686348,23662.176508067718,43815.84464175406,96873.04365050762,53057.19900875356
