Период,target_uah,forecast_uah
2025-09,3155325.6277449084,3396720.4512935732
2025-10,3967384.856936961,3831488.7492687665
2025-11,4847773.732793212,4379596.8849812895
2025-12,9480723.493395241,8887818.257843211
2026-01,4078864.995810847,5009140.438434813
