{
  "champion": "v76_lad_sym+analytical_reconcile_0.8",
  "OOF_SIMSCORE": 0.4521,
  "OOF_folds": [
    0.4171,
    0.4543,
    0.4848
  ],
  "in_sample_SIMSCORE": 0.4389,
  "overfit_gap": 0.0132,
  "meta": {
    "base": {
      "_global": {
        "v4": 0.0,
        "v5": 0.0,
        "v6": 0.0,
        "v7": 0.17972778648078638,
        "v71": 0.11585119932579226,
        "v72_champion": 0.11683140926227731,
        "v7sym_tweedie": 0.3119477429528395,
        "v7sym_tweedie15": 0.24255567204669387,
        "v7sym_mae": 0.0,
        "ewma6": 0.0,
        "ewma12": 0.0,
        "median12": 0.033086189931610735,
        "yoyTrend": 0.0
      },
      "ИМ": {
        "v4": 0.0,
        "v5": 0.0,
        "v6": 0.0,
        "v7": 0.4005603902644143,
        "v71": 0.0,
        "v72_champion": 0.5860069793106462,
        "v7sym_tweedie": 0.0,
        "v7sym_tweedie15": 0.0,
        "v7sym_mae": 0.0,
        "ewma6": 0.0,
        "ewma12": 0.012079313990062894,
        "median12": 0.0,
        "yoyTrend": 0.0013533164348766783
      },
      "СК": {
        "v4": 0.037240050712203175,
        "v5": 0.0,
        "v6": 0.0,
        "v7": 0.06920844956809007,
        "v71": 0.17142791461618845,
        "v72_champion": 0.0,
        "v7sym_tweedie": 0.36248589912406054,
        "v7sym_tweedie15": 0.3260743913635876,
        "v7sym_mae": 0.0,
        "ewma6": 0.0,
        "ewma12": 0.0,
        "median12": 0.033563294615870105,
        "yoyTrend": 0.0
      },
      "НКП": {
        "v4": 0.008968424129772433,
        "v5": 0.027287141997789376,
        "v6": 0.19597167280112995,
        "v7": 0.23165081254973785,
        "v71": 0.0,
        "v72_champion": 0.206150478266483,
        "v7sym_tweedie": 0.0,
        "v7sym_tweedie15": 0.1985199807786975,
        "v7sym_mae": 0.06073695157563643,
        "ewma6": 0.005401037086354944,
        "ewma12": 0.0,
        "median12": 0.05870063886040441,
        "yoyTrend": 0.006612861953994145
      },
      "РС": {
        "v4": 0.0,
        "v5": 0.0,
        "v6": 0.0,
        "v7": 0.48391504301108784,
        "v71": 0.0,
        "v72_champion": 0.0,
        "v7sym_tweedie": 0.05573999262764083,
        "v7sym_tweedie15": 0.20264587558433844,
        "v7sym_mae": 0.24350799617075072,
        "ewma6": 0.0,
        "ewma12": 0.0,
        "median12": 0.0,
        "yoyTrend": 0.014191092606182142
      }
    },
    "shrink": 0.8
  }
}