{
  "champion": "v77_tau0.55_chABC05_brand03",
  "OOF_SIMSCORE": 0.457,
  "OOF_folds": [
    0.4124,
    0.4614,
    0.4972
  ],
  "in_sample_SIMSCORE": 0.4462,
  "overfit_gap": 0.0108,
  "val_score": {
    "n_rows": 31452,
    "WAPE": 0.4138,
    "MAE": 1.9548,
    "RMSE": 3.9841,
    "Bias_units": -0.0609,
    "Agg_Bias_pct": -1.288,
    "SMAPE_nz": 0.4842,
    "Monthly_WAPE": 0.0519,
    "SIMSCORE": 0.4462
  },
  "test_score": {
    "n_rows": 20968,
    "WAPE": 0.4247,
    "MAE": 1.9755,
    "RMSE": 4.4947,
    "Bias_units": -0.0777,
    "Agg_Bias_pct": -1.67,
    "SMAPE_nz": 0.5052,
    "Monthly_WAPE": 0.1086,
    "SIMSCORE": 0.4874
  },
  "meta": {
    "base": {
      "_global": {
        "v4": 0.0822248230078913,
        "v5": 0.19888134959569337,
        "v6": 0.15426820696613455,
        "v7": 0.23906658425563812,
        "v71": 0.22516397822566045,
        "v72_champion": 0.10039505794898212
      },
      "tau": 0.55,
      "ИМ": {
        "v4": 0.0,
        "v5": 0.007375875901230478,
        "v6": 0.0,
        "v7": 0.28518104046712456,
        "v71": 0.0050357582573980555,
        "v72_champion": 0.7024073253742469
      },
      "СК": {
        "v4": 0.16778234139521409,
        "v5": 0.29897042756551506,
        "v6": 0.19832551252201078,
        "v7": 0.1349992447237598,
        "v71": 0.1999224737935002,
        "v72_champion": 0.0
      },
      "НКП": {
        "v4": 0.022792998471168602,
        "v5": 0.11180864546321116,
        "v6": 0.27034305617108106,
        "v7": 0.18188828434769996,
        "v71": 0.0,
        "v72_champion": 0.41316701554683916
      },
      "РС": {
        "v4": 0.0,
        "v5": 0.0,
        "v6": 0.2768935557338756,
        "v7": 0.5493157287128768,
        "v71": 0.17379071555324746,
        "v72_champion": 0.0
      }
    },
    "axes": "[(['Канал', 'Сегмент_ABC'], 0.5), (['Бренд'], 0.3)]"
  }
}