{
  "champion": "v77_compact+rec_tau0.52_chABC05_brand03",
  "OOF_SIMSCORE": 0.4552,
  "OOF_folds": [
    0.4142,
    0.4559,
    0.4955
  ],
  "in_sample_SIMSCORE": 0.4453,
  "overfit_gap": 0.0099,
  "val_score": {
    "n_rows": 31452,
    "WAPE": 0.4135,
    "MAE": 1.9535,
    "RMSE": 3.9796,
    "Bias_units": -0.0649,
    "Agg_Bias_pct": -1.373,
    "SMAPE_nz": 0.4869,
    "Monthly_WAPE": 0.0497,
    "SIMSCORE": 0.4453
  },
  "test_score": {
    "n_rows": 20968,
    "WAPE": 0.423,
    "MAE": 1.9676,
    "RMSE": 4.482,
    "Bias_units": -0.0667,
    "Agg_Bias_pct": -1.435,
    "SMAPE_nz": 0.5063,
    "Monthly_WAPE": 0.1049,
    "SIMSCORE": 0.4827
  },
  "meta": {
    "base": {
      "_global": {
        "v4": 0.034250828430068526,
        "v5": 0.21590017266663417,
        "v6": 0.06332653771537715,
        "v7": 0.25209603610798453,
        "v71": 0.20915015304809526,
        "v72_champion": 0.03907537721268618,
        "v77_recent": 0.18620089481915422
      },
      "tau": 0.52,
      "ИМ": {
        "v4": 0.0,
        "v5": 0.0,
        "v6": 0.0,
        "v7": 0.26817618501878737,
        "v71": 0.0,
        "v72_champion": 0.5838618027610106,
        "v77_recent": 0.14796201222020192
      },
      "СК": {
        "v4": 0.13351090788364287,
        "v5": 0.29897791559257614,
        "v6": 0.11097442950470202,
        "v7": 0.12541830781151467,
        "v71": 0.1033047423938971,
        "v72_champion": 0.0,
        "v77_recent": 0.22781369681366734
      },
      "НКП": {
        "v4": 0.010841940966094154,
        "v5": 0.1143618726686271,
        "v6": 0.24207049870326577,
        "v7": 0.21138497072398105,
        "v71": 0.0,
        "v72_champion": 0.3457579639867009,
        "v77_recent": 0.07558275295133106
      },
      "РС": {
        "v4": 0.0,
        "v5": 0.0,
        "v6": 0.2222506549244745,
        "v7": 0.5835176510326252,
        "v71": 0.1567608682096952,
        "v72_champion": 0.0,
        "v77_recent": 0.037470825833205025
      }
    },
    "axes": "[(['Канал', 'Сегмент_ABC'], 0.5), (['Бренд'], 0.3)]",
    "tau": 0.52
  }
}