{
  "best_wape": 0.477302689644364,
  "clf_num_leaves": 180,
  "clf_lr": 0.02572574078092985,
  "clf_min_child": 45,
  "clf_ff": 0.8746757704047767,
  "tweedie_p": 1.7693367749910802,
  "reg_num_leaves": 255,
  "reg_lr": 0.022570423974925504,
  "reg_min_child": 44,
  "reg_ff": 0.6678698648017193,
  "reg_bf": 0.7891563480901772,
  "lambda_l1": 1.849673566261384e-06,
  "lambda_l2": 0.0018734174027486296
}