{
  "w_v4": 0.07,
  "w_v5": 0.9299999999999999,
  "val_wape": 0.47205553018397256
}