champion,variant,total_cost_UAH,holding_cost_UAH,lost_margin_UAH
v71_baseline,raw,1316881.3221536914,1014002.713161818,302878.60899187345
v71_baseline,month_calibrated,1610094.4540480943,1358455.5640888284,251638.88995926589
v72_seasonal,raw,1315650.697593598,1009029.6869985386,306621.0105950594
v72_seasonal,month_calibrated,1624427.3992527472,1371573.726246323,252853.6730064242
