alpha,test_WAPE,test_Bias,holding_UAH,lost_UAH,total_UAH
0.25,0.4695,-1.4592,529329.0594175133,446991.3844526498,976320.443870163
0.3,0.4557,-1.299,597467.3948210544,418817.05481623614,1016284.4496372906
0.35,0.4365,-1.0274,730494.9153370738,373626.0367990559,1104120.9521361296
0.4,0.4282,-0.7861,892284.872051249,345329.29718867526,1237614.1692399243
0.45,0.4208,-0.4587,1110242.7287743385,293052.98352705967,1403295.7123013982
0.5,0.4247,-0.2123,1304320.0083271072,270490.0526711106,1574810.0609982177
0.55,0.432,0.0726,1569616.625821087,239024.3072443404,1808640.9330654275
0.6,0.4511,0.3696,1862339.434177062,208622.98955663884,2070962.4237337008
