{
  "champion": "v74_compact_per_channel",
  "OOF_SIMSCORE": 0.4651,
  "OOF_folds": [
    0.4306,
    0.4607,
    0.5039
  ],
  "in_sample_SIMSCORE": 0.4556,
  "overfit_gap": 0.0095,
  "meta": {
    "_global": {
      "v4": 0.11961302839522693,
      "v5": 0.4607814168139373,
      "v6": 0.09709167499813455,
      "v7": 0.0,
      "v71": 0.3225138797927012,
      "v72_champion": 0.0
    },
    "ИМ": {
      "v4": 0.0,
      "v5": 0.19633447563072826,
      "v6": 0.12453968301806573,
      "v7": 0.19100462243221497,
      "v71": 0.0,
      "v72_champion": 0.4881212189189911
    },
    "СК": {
      "v4": 0.16329270851792793,
      "v5": 0.5016429030632352,
      "v6": 0.10598959254302773,
      "v7": 0.0,
      "v71": 0.22907479587580906,
      "v72_champion": 0.0
    },
    "НКП": {
      "v4": 0.041307086226173524,
      "v5": 0.07207282396611382,
      "v6": 0.3298945661469134,
      "v7": 0.005727595850963625,
      "v71": 0.0,
      "v72_champion": 0.5509979278098355
    },
    "РС": {
      "v4": 0.0,
      "v5": 0.0,
      "v6": 0.47451071616218615,
      "v7": 0.5254892838378138,
      "v71": 0.0,
      "v72_champion": 0.0
    }
  }
}