{
  "label": "compact_nnls_norm",
  "tags_used": [
    "v4",
    "v5",
    "v6",
    "v7",
    "v71",
    "v72_champion"
  ],
  "weights": {
    "v4": 0.11961302839522693,
    "v5": 0.4607814168139373,
    "v6": 0.09709167499813455,
    "v7": 0.0,
    "v71": 0.3225138797927012,
    "v72_champion": 0.0
  },
  "weight_sum": 1.0,
  "OOF_SIMSCORE_mean": 0.4671,
  "in_sample_SIMSCORE": 0.4591,
  "overfit_gap": 0.008,
  "OOF_fold_SIMSCORE": [
    0.431,
    0.4631,
    0.5071
  ]
}