{
  "weights_raw": {
    "v4": 0.1246963667994369,
    "v5": 0.48036379762530745,
    "v6": 0.10121789642124154,
    "v7": 0.0,
    "v71": 0.3362201391612368,
    "v72_champion": 0.0
  },
  "weights_normalized": {
    "v4": 0.11961302839522693,
    "v5": 0.4607814168139373,
    "v6": 0.09709167499813455,
    "v7": 0.0,
    "v71": 0.3225138797927012,
    "v72_champion": 0.0
  }
}