{
  "champion": "v78+v8+v8_recent_tau0.55_ch08",
  "OOF_SIMSCORE": 0.4349,
  "OOF_recency": 0.4462,
  "OOF_folds": [
    0.3919,
    0.4433,
    0.4696
  ],
  "in_sample_SIMSCORE": 0.4233,
  "overfit_gap": 0.0116,
  "val_score": {
    "n_rows": 31452,
    "WAPE": 0.3944,
    "MAE": 1.8632,
    "RMSE": 3.9314,
    "Bias_units": -0.068,
    "Agg_Bias_pct": -1.439,
    "SMAPE_nz": 0.4717,
    "Monthly_WAPE": 0.0433,
    "SIMSCORE": 0.4233
  },
  "test_score": {
    "n_rows": 20968,
    "WAPE": 0.4113,
    "MAE": 1.913,
    "RMSE": 4.6094,
    "Bias_units": -0.1196,
    "Agg_Bias_pct": -2.572,
    "SMAPE_nz": 0.4876,
    "Monthly_WAPE": 0.1117,
    "SIMSCORE": 0.48
  },
  "meta": {
    "base": {
      "_global": {
        "v4": 0.012174508657478274,
        "v5": 0.1721532535486786,
        "v6": 0.0,
        "v7": 0.0,
        "v71": 0.0,
        "v72_champion": 0.0,
        "v77_recent": 0.0,
        "v77_quantile60": 0.0,
        "v8": 0.4138786698496237,
        "v8_recent": 0.4017935679442195
      },
      "tau": 0.55,
      "ИМ": {
        "v4": 0.0,
        "v5": 0.0,
        "v6": 0.0,
        "v7": 0.0,
        "v71": 0.0532055285320238,
        "v72_champion": 0.0,
        "v77_recent": 0.0,
        "v77_quantile60": 0.0,
        "v8": 0.76070355874769,
        "v8_recent": 0.1860909127202862
      },
      "СК": {
        "v4": 0.06696673563165872,
        "v5": 0.21224283190569124,
        "v6": 0.0,
        "v7": 0.0,
        "v71": 0.0,
        "v72_champion": 0.0,
        "v77_recent": 0.0,
        "v77_quantile60": 0.0,
        "v8": 0.30570091288352036,
        "v8_recent": 0.41508951957912965
      },
      "НКП": {
        "v4": 0.0,
        "v5": 0.10178733812718131,
        "v6": 0.16041375756042311,
        "v7": 0.0,
        "v71": 0.0,
        "v72_champion": 0.28769577356195664,
        "v77_recent": 0.0,
        "v77_quantile60": 0.015617033518176504,
        "v8": 0.2518631310484922,
        "v8_recent": 0.18262296618377025
      },
      "РС": {
        "v4": 0.0,
        "v5": 0.0,
        "v6": 0.08826604110902425,
        "v7": 0.0758238729428302,
        "v71": 0.0,
        "v72_champion": 0.0,
        "v77_recent": 0.0,
        "v77_quantile60": 0.0,
        "v8": 0.5923742441968443,
        "v8_recent": 0.24353584175130136
      }
    },
    "axes": "[(['Канал'], 0.8)]",
    "tau": 0.55,
    "pool": [
      "v4",
      "v5",
      "v6",
      "v7",
      "v71",
      "v72_champion",
      "v77_recent",
      "v77_quantile60",
      "v8",
      "v8_recent"
    ]
  }
}