{
  "champion": "v75_lad_compact_reconcile_0.8",
  "OOF_SIMSCORE": 0.4589,
  "OOF_folds": [
    0.4165,
    0.4637,
    0.4965
  ],
  "in_sample_SIMSCORE": 0.445,
  "overfit_gap": 0.0139,
  "meta": {
    "base": {
      "_global": {
        "v4": 0.05544785562149427,
        "v5": 0.19025015467248046,
        "v6": 0.09591815855723002,
        "v7": 0.31525618682342077,
        "v71": 0.20432948284865896,
        "v72_champion": 0.13879816147671564
      },
      "ИМ": {
        "v4": 0.0,
        "v5": 0.0,
        "v6": 0.0,
        "v7": 0.3639554696136304,
        "v71": 0.0,
        "v72_champion": 0.6360445303863697
      },
      "СК": {
        "v4": 0.15866213393371378,
        "v5": 0.2814872795067664,
        "v6": 0.14162308963914239,
        "v7": 0.18491915235875223,
        "v71": 0.23330834456162527,
        "v72_champion": 0.0
      },
      "НКП": {
        "v4": 0.032108873355370667,
        "v5": 0.09481056731067651,
        "v6": 0.2630740004501446,
        "v7": 0.27715078546336347,
        "v71": 0.0,
        "v72_champion": 0.3328557734204447
      },
      "РС": {
        "v4": 0.0,
        "v5": 0.0,
        "v6": 0.20682277166612342,
        "v7": 0.6219877207611597,
        "v71": 0.1281479695689498,
        "v72_champion": 0.04304153800376706
      }
    },
    "shrink": 0.8
  }
}