{
  "champion": "v78_+q60_tau0.55_chABC05_brand03_chL0.0",
  "OOF_SIMSCORE": 0.4546,
  "OOF_recency": 0.4668,
  "OOF_folds": [
    0.4118,
    0.4576,
    0.4944
  ],
  "in_sample_SIMSCORE": 0.4441,
  "overfit_gap": 0.0105,
  "val_score": {
    "n_rows": 31452,
    "WAPE": 0.4137,
    "MAE": 1.9541,
    "RMSE": 3.9703,
    "Bias_units": -0.0524,
    "Agg_Bias_pct": -1.108,
    "SMAPE_nz": 0.4847,
    "Monthly_WAPE": 0.0497,
    "SIMSCORE": 0.4441
  },
  "test_score": {
    "n_rows": 20968,
    "WAPE": 0.4246,
    "MAE": 1.9749,
    "RMSE": 4.473,
    "Bias_units": -0.0478,
    "Agg_Bias_pct": -1.027,
    "SMAPE_nz": 0.5051,
    "Monthly_WAPE": 0.1072,
    "SIMSCORE": 0.4833
  },
  "meta": {
    "base": {
      "_global": {
        "v4": 0.05535293318363332,
        "v5": 0.21861126364111994,
        "v6": 0.10328152365616694,
        "v7": 0.21183558934233637,
        "v71": 0.2249198473840881,
        "v72_champion": 0.0,
        "v77_recent": 0.1859988427926554,
        "v77_quantile60": 0.0
      },
      "tau": 0.55,
      "ИМ": {
        "v4": 0.0,
        "v5": 0.004370892914189038,
        "v6": 0.0,
        "v7": 0.21545396227990518,
        "v71": 0.023704572971895092,
        "v72_champion": 0.5889595484113558,
        "v77_recent": 0.16751102342265492,
        "v77_quantile60": 0.0
      },
      "СК": {
        "v4": 0.14585307649372545,
        "v5": 0.3154215842937021,
        "v6": 0.14236579667438115,
        "v7": 0.0842850096377586,
        "v71": 0.08658763622891316,
        "v72_champion": 0.0,
        "v77_recent": 0.22548689667151958,
        "v77_quantile60": 0.0
      },
      "НКП": {
        "v4": 0.011830687467940469,
        "v5": 0.11697951744433747,
        "v6": 0.23565245147132338,
        "v7": 0.1484829805469543,
        "v71": 0.0,
        "v72_champion": 0.3910270027434846,
        "v77_recent": 0.05573270445492388,
        "v77_quantile60": 0.04029465587103579
      },
      "РС": {
        "v4": 0.0,
        "v5": 0.0,
        "v6": 0.17461934515265007,
        "v7": 0.5249576176947592,
        "v71": 0.11378218694840934,
        "v72_champion": 0.0,
        "v77_recent": 0.0,
        "v77_quantile60": 0.18664085020418142
      }
    },
    "axes": "[(['Канал', 'Сегмент_ABC'], 0.5), (['Бренд'], 0.3)]",
    "tau": 0.55,
    "final_chan_lambda": 0.0,
    "pool": [
      "v4",
      "v5",
      "v6",
      "v7",
      "v71",
      "v72_champion",
      "v77_recent",
      "v77_quantile60"
    ]
  }
}